Name,Price Max (RM),Price Min (RM),Rating,Sold Unit,Shop Name,Status Stock
(PROMO 11/2022) BOOSTER / JOKI AKAUN MLBB MOBILE LEGENDS MURAH,260000,60000,5,697,rocka.store,69307
Kof Skin Mobile Legend (Old Stock),2200000,2200000,4.625,92,Sutra_dara,28
ğŸ’¸ 5 DAYS ROBLOX 100-700 ğŸ’¸,3010000,430000,4.947368421052632,39,imranhaziiq,6885
Telefon Bimbit Permainan Beli Satu Percuma Satuã€‘Elite Damai Merangsang Medan Alat Hebat Jari Set Anti-Peluh Permainan Permainan Tangan E-Sukan Sarung Tangan Raja dan Elit Elit Set Jari,480000,200000,4.705304518664047,1525,October worry-free,11693
. Mobile Legend Low Pack MLBB Account Recharge,3350000,600000,4.909420289855072,519,Brask Games Store,13938
ç‹è€…è£è€€ ç‚¹åˆ¸çº¢åŒ…ç‹è€…æ¦®è€€ ä»£å…… ç‹è€…æ¦®è€€ å……å€¼ å®‰å“ IOS,66000,20000,5,146870,jason your life,1397231
ROTHMANS design LATEST!!!  Car Parking Multiplayer (Android/ios),250000,250000,5,294,shm2k,2609
Nintendo Switch V2 Case / Switch Lite / Switch OLED Casing Crystal Clear Cover Dockable [Can Fit in Docking],1380000,1180000,4.88035019455253,2074,myeasygadget.os,536
Mobil Legend Account MLBB Recharge MEDIUM INSTANT DELIVERY 3,7750000,1400000,4.978891820580475,730,onestopgamezone,8119
Mobil Legend Acc | MLBB Recharg | Cheap and Legal | 100% Trusted,100000,100000,5,3157,Quinn Gaming Shop,96736
ğŸ”¥FLASH SALEğŸ”¥Nintendo Switch Digital Games( Request any game you want )( More than 1000++games),100000,100000,4.876984126984127,24802,Hi5 Studio,73769
[ ğŸ”¥LOWEST PRICEğŸ”¥ ] Original ROBLOX Game Card USD - Roblox Gift Card USD Top Up | Roblox Robux (DIGITAL CODE),13290000,2490000,4.975877192982456,2858,GamerZones ğŸ®,640
ğŸ”… Phoenix (normal/ride/fly) ğŸ”… AM ğŸ”…,700000,400000,5,122,Adopt_Me_Please,46
ğŸ”¥Blox FruitğŸ”µ Raid/Awaken Serve Level 700+only 1 Raid this raid not fruit,100000,100000,4.92,277,weiakz_174,10736
Genshin Impact 5 Star Starter Acc with Primogems (Asia) | åŸç¥åˆå§‹5æ˜Ÿè§’è‰²+åŸçŸ³è´¦å· (äºšæœ),6800000,2000000,4.9952153110047846,662,mygameslab,1111
XBOX 360 CONTROLLER Wired USB Joystick Support PC Laptop(Ready Stock)(Local Seller)(Fast Delivery),3990000,1500000,4.864572947823197,11152,USJ TV GAME,4042
unipin topup pubg mobile uc,9500000,1900000,4.9491525423728815,120,NIonionGamingStore,399868
Blox Fruit Trading Service,1500000,360000,4.9298245614035086,106,Grand Game Online,35
HAYDAY Trade In Game,100000,100000,4.9655172413793105,31195,Pandacoke,243
[PGSHARP] Key pokemon go STANDARD EDITION ANDROID Only,7600000,1300000,4.996638655462185,1288,Digital Enterprise,523
[Small & 24H BOT] Genesis Crystals REDEEM Service for Genshin Impact Account - by {Cielolew Studio},1990000,390000,5,113,Cielolew,2873
BLOX FRUIT ROBLOX (LEVEL 700+ ONLY ) AWEKENING/RAID SERVICE,100000,100000,5,203,za1903,3
Virtual Item - Chroma Weapons Roblox MM2,1350000,300000,5,145,adoptme1243,70
âœ¨READY STOCKâœ¨ SONY PlayStation 5 PS5 Disc/Digital Edition 825GB - Malaysia Set - NEW,295000000,295000000,4.9875,896,Viic Shop,1
GARENA FF ORIGINAL LEGIT,4830000,690000,4.959885386819484,790,iehanlemoc082,11594
[Code] Roblox Toy Loot Avatar Item Raven Hunter Hood - Tower Defense Simulator,289000,289000,4.97972972972973,397,Damieral,151
ğŸ”¥ ğŸ”µ BLOX FRUIT GAMEPASS ğŸ”µ ğŸ”¥,9000000,1400000,4.951219512195122,180,Robux Plug,58829
T3 Wireless Bluetooth Gamepad Gaming Controller for Android Smartphoneã€Ready Stockã€‘,2930000,2590000,4.738931994523049,4164,mengmengyu.my,3996
Pixiv Premium Subscription for [Android][Lifetime],198000,198000,4.931818181818182,905,IQONIQON Digital Store,7800
Coin Poke Add Cheap and Original Legit,100000,100000,5,5304,TX ONLINE SHOP,4328
5 DAYS ROBLOX (100-700),2800000,400000,5,124,Robux Plug,69124
Nintendo Switch OLED V2 Carrying Pouch Bag EVA Protective Case,1750000,1150000,4.887658227848101,1317,Yu2 Online Store,246
Hazen Store ML Diamond (Small Pack),550000,150000,5,220,Hazen Gaming Store,75
ç‹è€…è£è€€ [æˆ˜åŒºå®šä½/æ¢åŒº] å®‰å“âœ…iOSâœ…100%æˆåŠŸä¸å°å·,693000,99000,4.9903157894736845,4385,WUGUI.OnlineStore,26875
Mobil Legend Account MLBB Recharge 1,11800000,1890000,4.981132075471698,74,MariaGG Store,2112
Mobile Game Finger Sleeve Breathable Non-Slip Touch Screen Joystick Sweatproof sarung jari gaming sarung tangan pubg,220000,100000,4.880262887656603,68347,You & Me Desire Trading,253
{LARGE Variants} Diamond Recharge for Mobile Legends / MLBB,37000000,6100000,4.959183673469388,105,Cielolew,7853
Small Variation diamonds mls,5200000,750000,5,147,Bingo_Storee,1956
Minecraft ã€PC GAMEã€‘ğŸ”¥ã€ORIGINAL & LIFETIMEã€‘âœ…GUARANTEE !!!,150000,150000,4.663414634146341,553,Irving's Shop,62
CHEAPEST Steam Deck | Steam Deck Handheld Console (New Set) by Valve,366800000,237800000,5,38,gamingpoint,23
[FREE Gift PROMO] KingTV 1/2/3/6 Bulan  For Android TV Android Phone & All Android Device / PC /  IOS / Iphone / Ipad,3500000,1300000,4.977341389728097,2553,SHOMEX,57391
ç‹è€… æ¦®è€€ å……å€¼ é» å· å…¨ç¶²æœ€ä½ ä»£å…… é€Ÿåº¦è´¼6 King Of Glory Recharge,66000,10000,4.982658959537572,110537,jason your life,909465
[PRE-ORDER] 50k ~ 250k [Bloxburg Money/Cash] *DONATION*,1530000,330000,5,124,Bloxburg_Shop Official,4862
FINGER SLEEVE GAMING 1Pair (2pcs) - Pelbagai Design Team Esport + Free Mini Storage Box *Promosi Akhir TahunğŸ‰*,750000,165000,4.938037865748709,1518,MALDAUS STORE TRADING,985
"Procreate, GoodNotes 5, Notability, Lumafusion iPad iPhone Apps (Genuine iOS App Store)",1199000,199000,4.954613095238095,5841,Good Software,51690
ç‹è€…è£è€€å……å€¼300 500 1000 2000 3000 4000 50006000ç‚¹åˆ¸çº¢åŒ… ğŸ‰‘å€æ‹å®‰å“è‹¹æœå¾®ä¿¡QQç›´å†²åŠ è´µæ—ç§¯åˆ†ç§’åˆ°è´¦,13400000,2100000,5,599,kaijiantan111,119369
(READ DESCRIPTIONS)  INGAME MONEY CAR PARKING MULTIPLAYER (ANDROID/IOS),200000,70000,4.9870550161812295,552,shm2k,1489
ã€Ready stock & Warrantyã€‘ã€Shop Giftã€‘DualShock 4 Wireless Controller V2 with Dual Vibration Game Joystick,4990000,1590000,4.857142857142857,390,Amgras Official Shop,611
GARENA FF SERVICE FAST,730000,110000,4.957746478873239,216,GameMaster_Store,6706
ç‹è€…è£è€€ é» å· çº¢åŒ… ç‹è€…æ¦®è€€ä»£å…… ç‹è€…æ¦®è€€å……å€¼ ç‚¹å·çº¢åŒ…,66000,10000,5,19751,jason your life,1328224
[KipliPay] Genshin Impact Welkin Account Recharge 2,1950000,1950000,5,222,kiplipaystore,742
(BEST deal) Nintendo Switch Online Membership Family Group / with Expansion Pack + Anim al Crossing DLC,5390000,2290000,4.970258136924803,5981,Herra_Game Studio,9889
IPTV XtremTV | Xtrem TV | IPTV6K | WatchTV+ | MyTV Live Channel Movies Drama Series Playback VVIP,1200000,400000,4.986301369863014,118,Xtrem Team,2878
{Cielolew} ML for Global Accounts,9800000,2000000,4.996491228070176,688,Cielolew,4191
FIFA 23 / FIFA 22 / FIFA 21 / FIFA 20 [ORIGIN] [LATEST DLC] [PC DIGITAL DOWNLOAD] [OFFLINE],3490000,500000,4.9201902748414374,3711,ECP GAMES,11854
Nintendo Switch OLED Case / Switch V2 / Switch Lite Case Pika Durable Carrying Case Travel Bag with Game Card Slot,760000,760000,4.930548810101992,4016,myeasygadget.os,430
VALORANT POINTS TOPUP INSTANT DELIVERY Fast delevery,7000000,1000000,4.970676691729324,3137,onestopgamezone,2826
DM Mobile Legend Boost Acc Mobile Legend (diamond mobile legend legend murah)INSTAT,12400000,1950000,5,1125,Bingo_Storee,4544
Robux Blox Fruits  PERM FRUIT ICE SAND DARK DARKBLADE FAST BOAT X2DROP,9600000,1400000,5,163,i_legalShop,3484
PS4 Controller Silicone Cover Case Protective Skin Leaf Flower Colorful (anti-sweat/anti-dust),885000,785000,4.907726514730406,4161,Yu2 Online Store,957
[Gamemasterstore] GARENA FF RECHARGE ORIGINAL,5150000,740000,4.984615384615385,141,GameMaster_Store,15775
"32pcs Childhood Bubble Balloon With Straw , Oldtime Belon Tiup Mainanã€SnackHouse99ã€‘",250000,250000,4.901531728665208,2703,SnackHouse99,48
ğŸ”¥FLASH SALEğŸ”¥ Nintendo Switch Digital Games( â­ï¸Request any game you wantâ­ï¸ )(Check description before orderingâ—ï¸â—ï¸),100000,100000,4.986062717770035,32535,Duck_gaming,65459
Mobile Game Finger Sleeve Gaming Anti-sweat Protector for Mobile Phone Games For 1 Pair,590000,120000,4.923280423280423,63776,FRDM.os,4190
ğŸ”… AM Bat box/Ox box/Walrus box/Mummy Cat/Lunar Tiger/RGB Reward Box / Wing/Regal Chest / Massive Gift  ğŸ”…,600000,100000,4.9904761904761905,609,Adopt_Me_Please,247
MM2 Godly Eggblade Heartblade Peppermint Nebula Cookieblade Ghostblade Bioblade Prismatic Frostbite Vampire edge,220000,190000,5,261,Mr.Pooshy,51
Need for Speed Collection [PC GAME] ğŸ”¥ [ DIGITAL DOWNLOAD] ğŸ”¥Most WantedğŸ”¥CarbonğŸ”¥UndercoverğŸ”¥UndergroundğŸ”¥Sega Rally RevoğŸ”¥,200000,100000,4.988372093023256,190,SzTech,889
Nintendo Switch OLED V1 V2 Lite 9H Tempered Glass Screen Protector,1588000,388000,4.950354609929078,1402,Yu2 Online Store,859
[Gamemasterstore] Garena FF Account Dias Service Recharge,730000,110000,5,123,GameMaster_Store,6841
Gambar Kertas / Permainan Kad Tepuk-tepuk 90an / Kad Gambar Nostalgia Dulu-dulu / Picture Game / Childhood Playing Cards,29000,29000,4.983333333333333,1917,by Manis,200
Marvelâ€™s Spider-Man Remastered + All DLCs (PC GAMES),100000,100000,4.900763358778626,363,Just run it,6271
PS4 DOBE Multifunctional Cooling Fan Charging Stand [PS4 Slim / PS4 Pro / Regular PS4],5490000,5490000,4.926926926926927,1609,Custom Create Game Store,596
ã€Cheesyxiã€‘è…¾è®¯qqå¡å¯† é¢å€¼ 15 18 20 30 50 60 68 98 100,7980000,1260000,5,115,Cheesyxi shop æ™æ™åº—é“ºğŸ’,359829
[OTK STORE]ç‹è€…è£è€€ çº¢åŒ…ğŸ§§ 300 500 1000 2000 3000 å¯å€æ‹ æ— å®åğŸ‰‘ iOSğŸ‰‘ å®‰å“ğŸ‰‘ç‹è€…è£è€€ä»£å…… ç‚¹åˆ¸ ç‚¹åˆ¸,13400000,2100000,4.991689750692521,2381,OTK Store,6853
ã€CHEAPESTã€‘Genshin Impact Trained Accounts åŸç¥é«˜ç»ƒåº¦è´¦å·,100000,100000,4.8933333333333335,43899,Genshin Shop,124759
X3 Wireless Bluetooth USB Gamepad Joystick Game Controller Terios For Android IOS Phone/ Tablet /TV Box/PS3 Console,3990000,3990000,4.764018691588785,802,with sunny smile,74
[Large & 24H BOT] Genesis Crystals REDEEM Service for Genshin Impact Account - by {Cielolew Studio},39900000,5990000,4.97979797979798,212,Cielolew,3693
[OTK Store] å’Œå¹³ç²¾è‹±å……å€¼ 316 718 1368 2118 3548 7048 å®‰å“ç³»ç»Ÿ è‹¹æœç³»ç»Ÿ å’Œå¹³ç²¾è‹±ä»£å……ç‚¹åˆ¸,13800000,2200000,4.993055555555555,446,OTK Store,8857
"Skin Searching Service - CSGO, Dota 2, TF2 or any other items from steam [Pre Order 7 days] [PM Before Purchase]",70000,10000,5,954,"D.Demons Store (Dota 2, CSGO, TF2)",28782
XBOX 360  CONTROLLER FOR  PC XBOX360 [PLUG/PLAY] [SHIPFROMMALAYSIA],3299000,3299000,4.871710526315789,3494,Custom Create Game Store,147
AMAZON PRIME VIDEO 4K UHD - 1M/2M/3M,1499000,599000,5,121,Gaming Hub,1672
MM2 Godly Pack Sets Plasma Sets Iceflake Sets Ghost Sets Icey Sets Frostbite Sets Roblox,350000,340000,5,248,Mr.Pooshy,8
SHM2K3 Design Car Parking Multiplayer (Android/ios),250000,250000,4.9575471698113205,427,shm2k,3537
SONY PlayStation 5 PS5 825GB Disc / Digital (SONY MALAYSIA WARRANTY),386800000,286800000,4.98377581120944,1145,UNIQUE GAME ZONE,58
ROBLOX GIFT CARD CODES,21200000,4200000,5,200,Robux Plug,39790
Pokemon gaole part 4  3 star ã€Genuine Originalã€‘,99000,59000,4.96,444,kchen1128,64
[KipliPay] Garena FF Account Service Recharge 2,19900000,2900000,4.992857142857143,605,kiplipaystore,2646
2Pcs Finger Sleeve Gaming Non-Slip Touch Screen Joystick Sweatproof Mobile Game Finger Cot Sarung Jari Gaming æ¸¸æˆæ‰‹æŒ‡å¥—åƒé¸¡,599000,89000,4.903985507246377,8682,WHGADGET,2660
"XBOX GAME PASS Ultimate & EA Play 1, 2, 5, 9, 13 Month ( PC / Xbox One/Series S/X ) XGPU",1500000,450000,4.974481658692185,1498,Tkkk7.MY,605
PATI GIANT BUBBLE ( 2LITER ),2500000,2500000,4.940354147250699,4504,eyladiyana,18
Clash of Clans Accounts ğŸ”¥ Town Hall 10 & 11 âœ¨ RM60 âœ¨ã€ORIGINAL & LIFETIMEã€‘,6000000,5000000,5,231,Irving's Shop,27
SONY PSP 1000 1001 2000 2004 3000 3004 3006 BATTERY/PSP BATTERY MURAH [ready stock],2199000,1699000,4.8181034482758625,3253,GAMING_REBIRTH_STORE,3446
ğŸš€ 5 DAYS DELIVERY ğŸ”¥ CHEAPEST ROBUX MURAH ROBUX ROBLOX (100 - 700) ROBUX TOP-UPS & RELOADS GAMEPASS GAMES,2800000,400000,4.997076023391813,1351,Brachioruse,208546
Pokemon Gaole 5â­Star *Modified Reprint DIY Design* Scannable Part1/2/3/4/Legend 1 Disk(Stock Ready/Sg-My Scannable!),450000,450000,5,412,Gaole-Banapassport,1844
[KipliPay] MLBB Mobile Legend Account Recharge 1,4300000,700000,4.989876265466816,1849,kiplipaystore,1277
Retro Mini SUP 400 in 1 Gaming Konsol permainan tangan Game Console AV Out TV SUP Plus Gamebox sup game console,2160000,2160000,4.831460674157303,1004,OPPA Gadgets,2363
{{ğŸ‘‹ NEW}} - [Medium & 24h open] Mobil Legend Account Recharge | MLBB Recharge 100-706,4900000,1000000,4.996982270841192,6528,Cielolew,5155
[OTK Store] å­™æ‚Ÿç©º-å­™è¡Œè€… å­™å°šé¦™-å¼‚ç•Œçµå¥‘ é˜¿å¤æœµ-é¡½è¶£ é¡¹ç¾½-èŒæ£’ç‹ç‰Œ èµµäº‘-å˜»å“ˆå¤©ç‹ å¾‹åŠ¨éŸ³æ½® ä»¤ç‰Œ ä¸çŸ¥ç«èˆ-ç»¯æœˆè¡Œ å¦²å·±-æ—¶ä¹‹å¥‡æ—… åº„å‘¨-å¤©ç§€å¹»æ¢¦ ç™¾é‡Œå®ˆçº¦-ç¢äº‘ æ©˜å³äº¬-æ«éœœå°½ ç‹è€…è£è€€çš®è‚¤ä»£é€ è¿”åœºçš®è‚¤,15000000,4500000,4.991514068780706,4510,OTK Store,32998
NSW Nintendo Switch Pokemon Scarlet / Violet / Double Packã€Šå¯¶å¯å¤¢ æœ±/ç´«ã€‹ä¸­è‹±æ–‡ç‰ˆ (US)(ENG/CHI),42900000,19000000,5,39,Game Starto,42
PS5/PS4/NS PRO KontrolFreek Performance Thumb Stick Grip Cover Cap,1500000,1500000,4.9603174603174605,1216,Yu2 Online Store,308
Valorant Point  2275VP-7000VP New Pack!,21000000,7000000,4.977027027027027,1697,Mits Shop,24
2 Finger Sleeve Gaming Sweatproof Gloves Mobile Finger Sleeve Touchscreen Game Controller Sarung Jari,79000,39000,4.922979797979798,8508,138 Phone Accessories,2926
Roblox toy Robux ready stock in Malaysia,14100000,2050000,5,77,DontWorryBiiHappy,1004
AMGRAS Portable Controller Handle Bracket For PS5 PS4 Playstation 4 5 Game Console Hanging Storage Rack Holder Stand,699000,699000,5,63,GD-LUCK,8
[Medium Variants] Recharge Daimonds Mob1le L3g3nds service 1,7074000,1088000,5,84,GameMaster_Store,9889
[Lowest Price] Nintendo Switch Online Family Membership / Individual Membership 12 MONTHS package NSO subscription,8890000,2490000,4.9977611940298505,4575,nsofamilypackage,266
Retro Mini Gameboy [900 Games/400 Games] Game Console Emulator Built-In Upgraded Design,6299000,2229000,4.879003558718861,1314,Love Mi Baby,743
2022 GAMER MINI MOVIE BOX,49900000,44900000,4.867612293144208,1751,FuntasticJoy,63
[Small Variants] Recharge Daimonds Mob1le L3g3nds service 2,760000,109000,5,349,GameMaster_Store,6575
Avakin Life Avacoins 25K to 40K Dummy Account for Gifting/via Gift,250000,250000,4.994076999012833,3830,toratora.gameshop.my,72
Car Parking Multiplayer Design Anime ğŸ”¥,600000,500000,4.913793103448276,90,rollSHOP,35
1 PAIR ( 2PCS) GAMING GLOVES Breathable Sweatproof Mobile Finger Sleeve WHOLE SALE PRICE,100000,100000,4.91780185758514,31009,HuHu _ ACCESSORIES,3885
[Cielolew] ML Acc Recharge L,37000000,6100000,4.988636363636363,229,Cielolew,1510
[1 HOUR DELIVERY] Nintendo Switch Online Family Membership,5490000,2490000,4.996054769087955,7457,Gamer Zone,352
ğŸ”¥ ğŸ”µ BLOX FRUITS PERMANENT FRUITS ğŸ”µ ğŸ”¥ (ANDROID),9600000,2000000,5,239,Robux Plug,269431
Local Store PS3 Dualshock 3 Controller Wireless Joystick PS3 with Free Cable,2780000,2680000,4.856123662306778,2066,Dualshock 4 Controller PS4,5671
Valorant Points 1125 | 1650 | 3400 | 7000 Top Up via UID,21340000,3450000,4.967329545454546,1535,Gamer_Club,14270
Ghhr Pet Sim X Huge Pets Pet Simulator X HugePixelCat Huge Hell Rock HugeCupCakeHugeHackedCatâš ï¸Big Salesâš ï¸â—100%cleanâ—,300000,300000,4.938388625592417,1462,GameWorld_,361
(ğŸ”¥NEW RELEASEğŸ”¥) FIFA 23 Standard Edition Full Game (PS4 & PS5) Digital Download,13000000,6000000,4.994736842105263,944,hobgames,81
âš ï¸1pc Nintendo Switch OLED / Switch V2 /Switch Lite Console Joycon Silicone Joy Con Analog Thumb Grip JoyStick Cap Cover,160000,99000,4.969908651262762,9615,Owl and the Fox,1022
Steam Wallet Argentina Code Top Up 100 ars / 200 urs / 300 ars / 500 ars / 1000 ars,2121000,303000,4.987980769230769,1421,GameZone MY,2122
ã€Š ğŸ´ğŸ¬ğŸ¬ ğ—šğ—”ğ— ğ—˜ğ—¦ ã€‹ Handheld TV Video Game Portable Classic Retro Gameboy Super Mario Contra Tank Pacman 400 Permainan ç”µå­æ¸¸æˆ,3250000,2790000,4.704211557296768,2632,NWD ( New World Depot ),353
[KipliPay] MLBB Mobile Legend Account Recharge 2,9800000,4900000,4.991596638655462,227,kiplipaystore,1110
PC Controller Joystick VIBRATE Double Shock PC USB Single Controller [READY STOCK][FROM MALAYSIA],1990000,1090000,4.79590752059527,7095,Custom Create Game Store,3754
è…¾è®¯qqå¡å¯† qå¡å¯† qqå¡ 3 4 5 6 7 8 9 10 åœ¨çº¿ç§’å‘,850000,300000,5,277,YT online shop ,23682
å®˜æ–¹å……å€¼ â€” 300/600/1000/2000å¸ æä¾›æ–—éŸ³å·å³å¯,14850000,2300000,5,537,AC.SERVICE.STUDIO,3613
ğŸ‘‘ KING LEGACY PERMANENT GAMEPASS ğŸ‘‘ (ANDROID),8400000,1250000,5,69,Robux Plug,119925
Nintendo Switch V2 OLED Dockable Case for Switch and Joy-Con Controller,3080000,2080000,4.852125693160813,1044,Yu2 Online Store,365
åŸç¥NO BOTçº¯æ‰‹å·¥ ä»£è‚ æ·±æ¸Šä»£æ‰“ åœ°å›¾æ¢ç´¢ Spiral Abyss è´¦å·ç®¡ç† å§”æ‰˜ Genshin Impact Farming Boosting service Daily Commission Resin Exploration,100000,100000,5,15684,Kashiwa Gaming,2719
Pokemon Gaole Part 4 - 5â­Star | 100% SG-MY Scannable! Modified Reprint High Quality English Malaysia | GREY WHITE DISC,1455000,383000,4.935483870967742,184,PassionGameGamerz#5335,2394
[KipliPay] Pubg Mobile Recharge Account (MY Region) 1,6720000,960000,4.990430622009569,382,kiplipaystore,289
Yowei [1 to 1 Exchange in 1 year Warranty Period] Game Controller Compatible PS4 Controller Wireless Controller Gaming Controller Joystick Support PC,4599000,4599000,4.714285714285714,88,Yowei Shop,19
Roblox Toy Robux ready-stock Malaysia Toy,11900000,2000000,4.9125,213,SLgameshop,140302
Garena Shell Pin 428 Garena Prepaid Card | Garena Shell Top Up | TOPUP Garena Shell | Shell Top,2750000,2750000,4.991404011461318,13929,MGAME.MY,27
[KipliPay] MLBB Mobile Legend Account Recharge 3,61300000,9800000,5,106,kiplipaystore,2148
PS2 Controller Analog Joystick REMOTE PS ğŸ”¥Readystok ğŸ”¥,1090000,1090000,4.834724540901503,6329,Kelantan PC Game Store,993
[24/7 Self Claim / Email] Steam Wallet MYR RM5 RM10 RM20 Digital Prepaid Code [GameXpress],2199000,549000,4.9903800361939235,29659,Game Xpress,293
USED Nintendo Switch V1 V2 OLED Enhanced Console/Switch Lite Console (Selected Variants Free Pouch!),109900000,99900000,4.941278065630398,1026,Impulse Gaming,6
Genshin Impact Reroll Starter Acc (Asia) åŸç¥è‡ªæŠ½å·ï¼ˆäºšå·æœï¼‰,1890000,590000,4.961783439490445,458,mygameslab,128
Game Finger Sleeve Gaming Sweatproof Gloves Mobile Finger Sleeve Touchscreen Game Controller Sarung Jari,1200000,290000,4.909059652741964,33319,THSO Online Shop,2511
Growtopia Diamond Lock | SXSTORE,205000,205000,4.851063829787234,955,shuoxi07,99037
Sony Playstation 5 PS5 825GB Disc Edition (Sony Malaysia Warranty),376800000,286800000,4.985663082437276,1453,jessleong91,97
(ğŸ”¥FLASH SALEğŸ”¥) Mario Kart 8 Deluxe (Nintendo Switch) Digital Download,7000000,2500000,4.9689119170984455,2081,hobgames,34
PC/ANDROID/IOS/PS4] PS4 compatibles DualShock WIRELESS CONTROLLER V2 | DS4 CONTROLLER | ğŸ® HIGHEST QUALITY,5688000,3799000,4.928057553956834,402,SuperMarvelS,2080
ã€Cheesyxiã€‘å’Œå¹³ ç²¾è‹± å……å€¼ é» å· åœ¨çº¿ç§’å¤„ç†,10000,10000,5,112960,Cheesyxi shop æ™æ™åº—é“ºğŸ’,1085060
å¾®ä¿¡å……å€¼ æ”¯ä»˜ ä»£å…… ä»£ä»˜ çº¢åŒ… ä»£æ‰« ä»£è½¬,75000,75000,5,123317,Jc Gaming Online,876247
#cheap psx hhc/hcc/hpc,2200000,700000,4.923076923076923,137,CJ Gaming Shop,49
ã€Shop Giftã€‘ã€Ready stock & Warrantyã€‘DualShock 4 Wireless Controller V2 with Dual Vibration Game Joystick,5580000,4680000,4.9397590361445785,318,GD-LUCK,126
unipin topup free fire diamonds,2850000,475000,4.9743589743589745,89,NIonionGamingStore,499906
THE SPIKE VOLLEYBALL STORY GAME TOPUP!,2000000,1000000,4.96969696969697,284,GamingÂ Addict,169
ğŸ”¥ [TOP GAMES] ğŸ’»Random Steam Keys Original games [Lifetime warranty] Original Game Titles PC GAME| PUBG |GTA V |CSGO ğŸ”¥,300000,300000,4.924865831842576,6291,Game_On,98026
Nintendo Switch OLED / Switch V2 / Switch Lite Eva Bag Hard Carry Case Travel EVA Pouch Storage Bag Switch Handle Bag,1750000,1150000,4.976584022038567,1309,Owl and the Fox,180
"Buy Cheapest QQ Card at our Shop. è´­ä¹°å…¨ç½‘æœ€ä¾¿å®œçš„QQå¡ã€‚ 10QQ , 30QQ, 60QQ, 100QQ all available at our shop.",4800000,2400000,4.996978851963746,2171,AI Gamer Mall 2,346
ã€11.11 SALEã€‘Nintendo Switch OLED Model Console Free Tempered Glass (1 Year Nintendo Official Warranty),145900000,138900000,4.923185011709601,3985,OTAKUYA,188
Blox Fruit Unverified Account ROBLOX Lv2400 + 15M Beli + Random Fruit (Rare) + Random Legendary Sword Backup,5900000,1599000,4.986486486486487,207,Bloxtastic,112
Ready Stock Controller Pc Android Ios Bluetooth wireless Game Games Controller Gamepad Joystick For Android Pc Laptop,6000000,3990000,4.862912621359223,6728,3pin Online,2817
"Steam Wallets Code (Fast Service, Receive Code Instantly!!)",11150000,580000,4.9830643872823135,13889,GamePoint Club,32801
[C&H SHOP] é©¬æ¥éªŒè¯ç æœåŠ¡ | ä»»ä½•appéƒ½èƒ½ | OTP TAC æœåŠ¡,100000,100000,4.9245283018867925,373,C&H SHOP.os,160
Clash of Clans MODã€ANDROIDã€‘ğŸ”¥ã€UNLIMITEDã€‘âœ…100% WORKS!!!,250000,200000,4.825242718446602,237,Irving's Shop,214
PS5/PS4/PS3/NS PRO/XBOX 1Pc Silicone Analog Thumb Stick Grip Cover Cap,200000,200000,4.929701230228471,7025,Yu2 Online Store,2885
ã€Cheesyxiã€‘ç‹è€… æ¦®è€€ å……å€¼ é» å· å„ç§æ•°é¢éƒ½æœ‰,10000,10000,5,146238,Cheesyxi shop æ™æ™åº—é“ºğŸ’,3754552
ã€11.11 SALEã€‘Nintendo Switch Lite Console Free Tempered Glass (1 Year Nintendo Official Warranty),93900000,77900000,4.906386701662292,3483,OTAKUYA,96
GTA 5 / Grand Theft Auto V (offline) (PC GAMES),100000,100000,4.897196261682243,258,Just run it,1191
PS5 Sony PlayStation 5 DualSense Wireless Controller l Dualsense 5 Controller (Sony Original Product),39900000,27600000,4.95697896749522,1971,EPIC CO,951
åŸç¥ | Genshin Impact 5 Star+Pulls Reroll Starter Account Asia Server | åŸç¥äº”æ˜Ÿ+æŠ½è‡ªæŠ½åˆå§‹å·äºšæœ,100000,100000,5,18798,CoreGamer,233237
huanqæœåŠ¡å’Œå¹³ç‹è€…è£è€€huanqç­‰ç­‰,2500000,400000,5,406,ye.games,50
ğŸ”¥[Murah]ğŸ”¥ EA SPORTS FIFA 23 / FIFA 22 ğŸ”¥Offline Version / Online versionğŸ”¥ PC Game (100% Original Origin Game),2300000,380000,4.689497716894977,3562,gsgameshop,9338
ğŸ”¥Lowest PriceğŸ”¥ Switch Controller Vibration Bluetooth Wireless Controllers,4450000,4450000,4.930927193528314,3119,VECTRO,19
[FREE Gift PROMO] SyberTV 1 BULAN 3 BULAN 6 BULAN / IPTV6K/ CyberTV/ SiberTV/ SYOKTV / KINGTV All Android D,6500000,1200000,4.986434108527132,860,SHOMEX,29492
ã€NEXTã€‘ZFB  æ”¯ä»˜å¯¶å……å€¼  æ·˜å®ä»£ä»˜ è½¬è´¦ä»£ä»˜å£ä»¤,73000,73000,5,5967,De Next Studio,3382
FIFA 23/22/21 ULTIMATE |FULL GAME| LIFETIME GUARANTEE 24 HOUR AUTO SEND,3199000,990000,4.757425742574258,4327,GamerSpace,138460
hanya utk PC guna sahaja xbox 360 design Wired Controller For PC/Window Easy Use  (ship From Malaysia),2590000,2590000,4.791169451073985,1888,power_station,936
SKASIATV | SK ASIA TV IPTV12K TELETV SYOKTV APPS FOR ANDROID / IOS,5000000,800000,4.97457627118644,413,Xtrem Team,59573
NSW Nintendo Switch Console OLED Pokemon Scarlet & Violet Special Edition [Free Tempered Glass + 1 Year Warranty],154900000,154900000,5,203,Impulse Gaming,34
GHHR Goledn Huge Hell Rock,300000,300000,5,720,GameWorld_,922
USB Gamepad Controller Joystick Double Shock Vibration PC Controller Single / Double Twin,1165000,1165000,4.843373493975903,8530,Xboxing,185
åŸç¥ | Genshin Impact 5 Star Started Account Asia Server | åŸç¥äº”æ˜Ÿè‡ªé€‰åˆå§‹å·äºšæœ,100000,100000,4.982514571190674,132803,CoreGamer,199202
Pokemon Gaole Part1/2/3/4/Legend 1â­5â­Star*High Quality Modified Reprint Original Design*  (Stock Ready/Sg-My Scannable!),449000,449000,4.914965986394558,2730,Gaole-Banapassport,2437
Switch Pokemon Scarlet | Pokemon Violet | Pokemon Scarlet & Pokemon Violet Double Pack (English/Chinese) * å¯¶å¯å¤¢ ç´« *,43600000,20900000,5,29,HeavyArm U Garage Store,402
Original 2pcs Mini PUBG Mobile Gamepad Controller Game Trigger L1R1 Button Joystick Joystick,1590000,990000,4.885032537960955,3584,Puslisi,311
[SMALL VARIANTS] Recharge daimonds fre3 f1re service 2,730000,110000,5,304,GameMaster_Store,6670
(READY STOCK) (25Pcs)TCG Toploader Card Holder 3x4 35PT Pokemon/YuGiOh /Kpop/Photo/Stamp/Digimon Game Card Holder,880000,880000,4.977401129943503,3513,Blacky.Owl.House,415
Roblox Toy Robux ready stock Malaysia,14100000,2050000,5,308,66gzqveaki,1659
DOBE AKITOMO Nintendo Switch OLED Crystal Clear Case TPU Protective Cover Transparent Casing TNS-1133B TNS-1133C,1900000,1750000,4.936813186813187,1396,NONSTOP MY,153
"[FREE Gift PROMO] SyokTV 1 / 3 /6 Month For Android TV & Android Phone, Android Devices (PC, LAPTOP) iOS, iPHONE",5400000,1000000,4.988888888888889,900,SHOMEX,59031
NSW Nintendo Switch Console OLED Model White/Neon [Free Tempered Glass + 1 Year Malaysia Warranty],139900000,134900000,4.930379746835443,2913,Impulse Gaming,27
POKEMON GO JOYSTICK/SPOOFER APK (ANDROID ONLY),100000,100000,4.960352422907489,517,GT.STORE,9466
Mobile Game Finger Sleeve Breathable Non-Slip Touch Screen Joystick Sweatproof sarung jari gaming sarung tangan pubg,49000,49000,4.8221065278334,157873,88 Gadget Store,29559
iQiyi Malaysia Plan 1month,899000,289000,5,103,AStreamWatch,108
ã€Š ğ—§ğ—© ğ—¢ğ—¨ğ—§ğ—£ğ—¨ğ—§ ã€‹ AV Display 400 Games Retro Gameboy Classic Game Boy Console Mario Contra Sonic Permainan Video ç”µå­æ¸¸æˆæœº,2230000,319000,4.807647740440324,13014,NWD ( New World Depot ),2349
"AEROX Valorant Boost/ Boosting Service, and Coaching Service",3325000,475000,4.992405063291139,5522,Aerox Valorant Boosting Service,109941
Nintendo Switch & Switch Lite Switch OLED LASTEST Wireless PRO Controller Vibration 6 Axis Somatosensory Bluetooth,4490000,4490000,4.904290429042904,1341,Custom Create Game Store,848
VSCO + Premium Account IOS Android Account Lifetime Subscription ğŸ”¥CHEAPEST ON SHOPEEğŸ”¥,299000,299000,4.978208232445521,2651,waifumart,7385
"HAY DAY BEM, SEM , LEM AND TOOLS 89PCS ONLY RM1.00!ğŸ˜ƒ Each order can receive free tools å¡é€šå†œåœºè´§ä»“ ç²®ä»“ æ‰©åœ°",200000,50000,4.97986577181208,704,KOI ONLINE STORE,10553
PS4 God of War Ragnarok | PS5 God of War Ragnarok (English/Chinese) * æˆ°ç¥ è«¸ç¥é»ƒæ˜ *,30900000,24900000,4.991150442477876,241,HeavyArm U Garage Store,38
(1 PAIR) Nintendo Switch OLED Switch V2 / Lite Thump Grip Cute Pokemon Smash Bros Animal Crossing Joy Con Analog Cap,450000,200000,4.947809878844361,2573,myeasygadget.os,1069
QQå¡å¯† Qå¸å¡å¯† Qbå¡å¯† é¢å€¼ 3 4 5 6 7 8 9 10,820000,300000,4.985936343449297,3138,JONGAHFAH,7997367
BOOST ACC JOKI RANK & MCL MOBILE LEGENDS TERMURAH,330000,75000,5,1798,Pilostore,57535
Genshin Impact Single 5 Star Starter Acc (Asia) åŸç¥å•5æ˜Ÿåˆå§‹è´¦å· ï¼ˆäºšæœï¼‰,2500000,500000,4.996340347666972,12113,mygameslab,602
VIVI   Gaming Finger Sleeves for Mobile Gaming 0.25mm Glass Silver Fiber Seamless Thumb Fingertip Cover Anti-Sweat for PUBG/COD/LOL/ROS,768000,487000,4.797432239657632,1863,vivicoocoo.my,2944
Valorant Points Top Up,24010000,3430000,4.993449781659389,799,Homiestewart,32420
ã€11.11 SALEã€‘Nintendo Switch Neon / Grey V2 Console FREE Tempered Glass (1 Year Nintendo Official Warranty),119900000,114900000,4.895224768235089,10239,OTAKUYA,17
"Nintendo Switch eShop Card HK (HONG KONG) Top up Prepaid Gift Card Credit HKD 100,200,300,500 HONGKONG",31500000,4800000,5,1142,Vintage Digital Zone,4521
UC PUBG MURAH REGION MALAYSIA V1,7000000,1000000,5,516,MariaGG Store,10000685
Car Parking Multiplayer Custom Spec Glitch/Longgok/1700hp+Body Kits,350000,350000,4.990757855822551,899,MYOWN GARAGE,5886
PSP Charger | PSP USB Charging Cable | PSP 2 in 1 Cable | PSP Data Transfer Cable | Suitable for PSP 1000 2000 3000,1550000,250000,4.881898066783831,5866,VECTRO,864
â„ï¸PS5/PS4 (ğŸ”¥HOTğŸ”¥) God of War Ragnarok - Digital Download,12000000,8500000,4.982456140350878,86,Mr John Game Shop,8
"[PGSHARP] Key pokemon go STANDARD EDITION, Pokemon Go 1 and 3 Months (ANDROID)",7600000,1300000,4.9970039946737685,5806,Cheong99,2081
Cheapest Mobile Legend MLBB Account Recharge,15000000,2150000,4.949367088607595,979,Brask Games Store,12907
ã€11.11 SALEã€‘Nintendo Switch OLED Model Pokemon Scarlet Violet Special Edition Console (1 Year Official/Maxsoft Warranty),159800000,152500000,4.906542056074766,179,OTAKUYA,87
FGO Fate Grand Order Account 3100~3300 quartz + Guaranteed 1 SSR Japan Server,2990000,590000,4.9951958610495195,6862,GandT,27
ã€ 11.11 SALE ã€‘DOBE PS5 Multifunction Cooling Fan Stand PS5 DualSense Controller Charging Dock,6900000,3400000,4.978260869565218,343,CK IT Shop,19
Pgsharp Key Standard Edition For Android Only Pokemon go,7750000,1350000,4.9647451167222485,6740,PokÃ©monGo Online Shop,29982
Nintendo Switch Ring Fit Ringfit Adventure Chi/Eng Version å¥èº«ç¯å¤§å†’é™© ä¸­è‹±æ–‡åˆç‰ˆ,25900000,25900000,4.929657228017883,6764,Impulse Gaming,29
[KipliPay] FF Account Service Recharge 1,3500000,520000,4.989690721649485,1448,kiplipaystore,2110
Nintendo Switch Screen Protector Tempered Glass/Switch Lite Tempered Glass 9H Thickness Clear/Matte/Anti Blue Light,2350000,399000,4.924146649810367,3527,VECTRO,490
MapleStory Mesos | @Cash Aquila | Bootes | Cassiopeia | Draco MapleSEA Maple Story Mesos,4500000,800000,4.999375195251484,11617,MapleStory_MY,1018
READY STOCKğŸ˜ Original Retro Mini Gameboy Game Console Built-in 400 Games AV Out PK PS4,2730000,2290000,4.7828671138011885,46309,Herman,905
[ PC ] God Of War ( With DLC + UPDATES  ) Offline PC Game ( Digital Download ),120000,120000,4.983870967741935,605,G PC GAME SHOP,367
ã€ 11.11 SALE ã€‘DOBE PS5 DualSense Controller Super Fast Charging Charging Dock PS5 Controller Charging Dock Dual Sense,3900000,2900000,4.976421636615811,1361,CK IT Shop,80
Genshin Impact | 24 Hours Instant Top Up | 100% Legit Top Up via ID | Cheap & Fast Service,5390000,1790000,4.9921813917122755,2962,HOTLINK KING,27023
INFI 1 PAIR (2PCS) GAMING Anti Slip Sweatproof Mobile Finger Gloves Sleeve Cover Sarung Jari Gaming Sarung Tangan pubg,89000,49000,4.9437571738298685,49789,INFI GADGETS,13917
Minecraft JAVA Edition 100% original 100% LEGIT Cheapest Price (Life Time Warranty)(24 HR Auto Buy),7499000,1490000,4.881568418244865,7357,GamerSpace,232733
IINE Mobile Game Finger Sleeve Smooth and Tactile  Ultra-thin and Breathable  Comfortable Seamless Weave,18000,18000,5,78,IINE Official Store,78
Car Parking Multiplayer Money in Game Android Ios,300000,150000,4.986486486486487,512,MYOWN GARAGE,3726
Diamond Lock Growtopia,205000,205000,5,4014,diamondlockgt,995666
Nintendo Switch Pokemon Scarlet / Violet Chi/Eng Version å¯¶å¯å¤¢ æœ±/ç´« ä¸­è‹±æ–‡ç‰ˆ,42900000,20500000,5,53,JIRO GAME ,1322
Transparent Storage Box For Mobile Game Finger Sleeve Gloves Small Box / Kotak Simpanan Plastik Untuk Sarung Jari Gaming,49000,49000,4.93491124260355,5241,INFI GADGETS,1800
âœ“ MLBB Diamond Mobile Legend Account Recharge Small Pack.,3000000,600000,5,74,Brask Games Store,5920
Microsoft Xbox Series S X Wireless Controller Compatible Xbox One/Xbox Series/Windows/Android,31900000,31900000,4.9063856168629885,2991,Impulse Gaming,6
ğŸ”¥CHEAPESTğŸ”¥ Clash Of Clans Account Topup Gem/Gold pass any Town Hall Supercell,50000,50000,5,4247,Ashura's Game Store,7913
IINE Cute Silicone Non-Slip Cap Case Thumb Grips Cover Analog Thumb Stick Joystick Caps for Nintendo Switch Random,18000,18000,4.913432835820895,1291,IINE Official Store,32
PSN PlayStationMalaysia | PSN prepaid | Wallet Rm30 Rm50 Rm100 Sony Playstation Network Card MYR | Ps Plus PS3 PS4 PS5,22400000,3300000,4.992,474,browanstore,2130
8000mAh Powerbank Handheld Game Console Mario Retro Gameboy Classic Mini Portable Power Bank Angry Bird Brick PVP NES,6500000,6500000,4.965337132003799,3790,MAJU GAJET TRADING (M) SDN BHD,336
Xbox Game Pass Ultimate PC/Xbox One/Xbox Series (New User/Renew),3500000,1000000,4.994746059544658,943,leegamingshop23,97
[On sale] 2.4GHz Wireless Dual Joystick Control Game Controller Gamepad For PS3 PC TV Box Boutique,1879000,1879000,4.51063829787234,258,xyz96823.my,9757
VALORANT POINTS TOPUP INSTANT DELIVERY CHEAPEST FAST SERVICE,30000000,8500000,4.990196078431373,445,onestopgamezone,5547
ã€11.11 SALEã€‘Nintendo Switch Joy Con Joy-Con Joycon Controller (Original Set),29500000,29500000,4.955905026210299,6579,OTAKUYA,87
[ PC ] PES 2021 Offline PC Game ( Digital Download ),120000,120000,4.92,518,G PC GAME SHOP,468
PS4 & PS5 Thumb Grip Controller Caps Cover Joystick Analog Cap Protector for Ps4 Ps3 Xbox Playstation,880000,250000,4.920168067226891,3747,myeasygadget.os,533
[ğŸ‡¹ğŸ‡·TRY] Turkey Steam Wallet Code Card Credit Turkish Lira â‚º 10-100 TL (âš¡Fast Delivery),2540000,390000,5,1651,KK GameZone,579
4% U Mobile Reload | U Mobile Topup | Instant Reload,6240000,960000,4.989141360702571,157581,mreload,72198
One Piece Bounty Rush | Reroll Starter Account | Global Server | æµ·è´¼ç‹èµé‡‘çŒäººè‡ªæŠ½åˆå§‹å·å›½é™…æœ,10000000,1980000,4.942342342342342,1074,CoreGamer,217
[Big Variants] Recharge Daimond Fr3e Fir3 service 3,21900000,3290000,4.964285714285714,174,GameMaster_Store,10799
QQå¡ Voucher -10% Direct Discountï¼Œ 100 = RM70 ã€60 = RM42 ã€30 = RM21 ã€10 = RM7,10000,10000,4.98207171314741,35056,AI Gamer Mall 2,17006
"Genshin Impact Reroll Acc (Asia) AR39+ 32000+ Primogems åŸç¥è‡ªæŠ½å·ï¼ˆäºšå·æœï¼‰å†’é™©39, 32000+åŸçŸ³",4990000,4990000,5,175,mygameslab,6
Blox Fruit : Level Up Service! (Cheapest On Shoppe!),5000000,2000000,4.981981981981982,189,ItikStore!,14099806
Counter Strike Collection [PC GAME] ğŸ”¥ [ DIGITAL DOWNLOAD] ğŸ”¥Shooting GamesğŸ”¥CS GOğŸ”¥CS SourceğŸ”¥CS Condition ZeroğŸ”¥CS Xtreme V7,200000,100000,4.944444444444445,120,SzTech,541
ç‹è€…è£è€€/å’Œå¹³ç²¾è‹± è…¾è®¯æ¸¸æˆå®åè®¤è¯/å®å+äººè„¸è®¤è¯ è§£é™¤é™åˆ¶ ç‹è€…äººè„¸/å’Œå¹³äººè„¸è¯†åˆ«,3000000,500000,4.846291012838802,24563,å¾®ç¬‘ä¸šåŠ¡å›¢é˜Ÿ,2087417
[ PC ] Naruto Shippuden Ultimate Ninja Storm 4 Offline PC Game ( Digital Download ),120000,120000,4.992063492063492,317,G PC GAME SHOP,669
[ PC ] Marvelâ€™s Spider Man Remastered ( With DLC + UPDATES ) Offline PC Game ( Digital Download ),120000,120000,4.994186046511628,417,G PC GAME SHOP,556
PlayStation Plus PS PLUS Essential Memberhsip 3 Month 12 Month PSPLUS PS4 PS5,8900000,2000000,4.937142857142857,798,YPLAY,214
BLOX FRUITS LEVEL UP / SERVICE [ROBLOX],700000,100000,5,2205,xxrulxx,597715
[Medium Variants] Recharge daimond fr3e fir3 service,2470000,400000,5,359,GameMaster_Store,12599
ã€Asiaã€‘äºšæœåŸç¥ | Genshin Impact | Reroll Starter Account | Asia Server | åŸç¥è‡ªæŠ½å·åˆå§‹å·äºšæœ,100000,100000,4.955849889624724,25939,CoreGamer,92114
Grand Theft Auto V | GTA 5 (PC Games),150000,150000,4.886567164179104,3553,Legendary PC Games,398
(ğŸ”¥NEW RELEASEğŸ”¥) Call of Duty: Modern Warfare 2 Full Game (PS4 & PS5) Digital Download,11500000,6500000,4.916666666666667,104,hobgames,19
Recharge Service Payment for Mango Live,5350000,1070000,4.965853658536585,794,shenlong.os,39201
"[24/7 Self Collect/Receive by Email] Steam Wallet MY steam wallet my Steam Code Steam Wallet Malaysia RM5, 10, 20",2200000,550000,4.998034076015728,6951,wclshop1.my,2999935
"US Nintendo Switch eShop Top Up Prepaid Card Credit Gift card $10, $20, $25, $30, $35, $50, $99, $100 USD (USA)",17200000,2480000,4.999626540520354,14371,Vintage Digital Zone,6654
(SAFE) GTA V GTA 5 Online Money Topup Service CHEAP (PC ONLY),250000,250000,4.998717400598546,3672,GameShopX,10
"SN Valorant Boost/ Boosting Service, and Radiant Boost",3325000,475000,5,5929,SN Valorant Boosting Services,9915
ANIME / KARTUN Design Car Parking Multi (android/ios),250000,250000,5,202,shm2k,1088
ã€ğğ‘ğˆğ†ğˆğã€‘FIFA 23 / FIFA 22 / FIFA 21 ULTIMATE EDITION (PC ORIGINAL GAME),2899000,699000,4.971252566735113,2191,SupExpress,40199
[ PC ] GTA V Offline PC Game ( Digital Download ),120000,120000,4.954703832752613,662,G PC GAME SHOP,798
ã€Cheesyxiã€‘æŠ–å¸å……å€¼ è‡ªå®šä¹‰ è¦å……å€¼å¤šå°‘éƒ½ğŸ‰‘ ç§’å……åˆ°è´¦,74000,74000,5,177357,Cheesyxi shop æ™æ™åº—é“ºğŸ’,9819600
[PRE-ORDER] Nintendo Switch Pokemon Scarlet & Violet | Game Double Pack | Chi/ Eng Ver | ETA: 18th November 2022,22890000,19400000,5,170,gamershideout.os,87
MOBILE LEGENDS Diamond MY | 24 Hours Instant Top Up | 100% Legit Top Up via ID | Cheap & Fast Service | MLBB Diamond,2760000,460000,4.9797876423180245,17890,HOTLINK KING,31812
Steam Wallet Code Malaysia (NEW),5450000,1100000,4.996143250688705,5072,MyPal,12956
[ PC ] Left 4 Dead ( 1 / 2 ) Offline PC Game ( Digital Download ),120000,120000,4.930232558139535,958,G PC GAME SHOP,1904
(ğŸ”¥NEW RELEASEğŸ”¥) God of War Ragnarok Full Game (PS4 & PS5) Digital Download,12500000,6500000,4.921052631578948,271,hobgames,18
ğŸ”¥ Steam Games ALL IN 1 | FULL GAME |  LIFETIME GUARANTEE  24 Hour Auto DeliveryğŸ”¥,3499000,3499000,4.869458128078818,961,GamerSpace,23019
Mobil Legend Account Recharge MEDIUM INSTANT DELIVERY,7500000,1300000,4.97979797979798,405,onestopgamezone,89595
ç«é€Ÿä»£ä»˜/é—²é±¼/é—²é±¼ä»£ä»˜/ä¸­å›½é—²é±¼/XIAN YU,74000,74000,4.995983935742972,322618,ZM&ZH.MY,176783
Roblox Toy Robux Instant Ready Stock Malaysia,14100000,2050000,4.984375,488,i_legalShop,2017
æŠ–éŸ³ æ–—å¸ YY è¯­éŸ³ YYå¸ è™ç‰™ç›´æ’­ è™ç‰™å¸ é¥­åœˆé…± è§å…‰æ£’ æ¡ƒå­ Owhat é¥­åœˆé…± ç½‘æ˜“äº‘ å…‹æ‹‰å…‹æ‹‰ Miyaè¯­éŸ³ é‡‘å¸ æ–—é±¼ æ–—é±¼ç›´æ’­ é±¼ç¿… Bilibili å¿«æ‰‹ å¿«å¸ å¿«çœ‹æ¼«ç”» å“‡å¡ç§€ å……å€¼ ä»£å……,72000,72000,4.9911111111111115,105930,NIonionGamingStore,9890174
NSW Nintendo Switch Pokemon Scarlet / Violet å¯¶å¯å¤¢ æœ±/ç´« (CHN / ENG),20900000,20900000,5,9,Unity Game,13
[KipliPay] Pubg Mobile Account Recharge (MY Region) 2,48000000,7680000,5,165,kiplipaystore,3523
Roblox MM2 In Game Weapons - Virtual Item,1400000,250000,4.975155279503106,511,adoptme1243,345
GRAND THEFT AUTO V/GTA 5 [ONLINE/SOCIAL CLUB/EPIC GAMES/STEAM/WARRANTY] CHEAPESTS,6200000,890000,4.886089238845145,3303,GamerSpace,156661
Marvelâ€™s Spider-Man: Miles Morales [Auto Delivery] [Steam Online & Offline] (Full DLC) Cyber Space PC Game,2999000,599000,5,120,Cyber Space,19848
å…¨å¤©åœ¨çº¿ï¼CN TikTok Reload æŠ–éŸ³æŠ–å¸æŠ–éŸ³å¸å¿«é€Ÿç§’å……åˆ°è´¦,73000,62000,5,20092,GiftCardCenter,6321031
PlayStation Plus PS PLUS DELUXE Memberhsip 3 Month 12 Month PSPLUS Deluxe PS4 PS5,13900000,3900000,4.984126984126984,152,YPLAY,270
[JAPAN/USA/HONGKONG] Nintendo Switch Online eShop Individual Membership / Family Membership NSO 1month 3months 12months,10500000,2200000,4.985272459499264,1103,Vintage Digital Zone,2441
MLBB BOOSTING SERVICES/JOKI ML Mobile Legends Boost Rank Push Rank Push Account,500000,100000,4.98443579766537,9583,UdangGameStore,696257
Roblox Toy Robux 80 ready stock Malaysia,2000000,500000,4.964285714285714,73,66gzqveaki,311
è…¾è®¯å¡å¯† Tencent Card 18 30 60 68 98 100 118 120,8300000,1550000,4.987725631768953,3132,JONGAHFAH,17996830
[ARé˜¿æ ¹å»·ğŸ‡¦ğŸ‡·] Steam Argentina Wallet Gift Card ARS Digital Code 100~1000ARS,2200000,315000,4.996835443037975,770,ZQ GameShop,1653
MLBB Diamond Mobile Legend Account Recharge Medium Pack INSTANT DELIVERY,7500000,1300000,4.987012987012987,323,onestopgamezone,8668
åŒç³»ç»Ÿ ç‹è€…è£è€€ ç‚¹å·çº¢åŒ… å®‰å“ ios è‹¹æœ ç‚¹å·å……å€¼ å¾®ä¿¡åŒº qqåŒº,75000,75000,4.987654320987654,15239,D.G. Market Place,983541
Valorant Points Top Up - For Malaysia Created ID Only,18200000,3220000,4.994706121894937,11374,Unstoppable Game Reload,15
GTA San Andreas [PC],150000,150000,4.886666666666667,1835,Zeus_PC_GAME,151
eFootball PES 2021 / October Update / 22/23 Season [LATEST DLC] [PC DIGITAL DOWNLOAD] [OFFLINE],1000000,500000,4.901726427622842,1386,ECP GAMES,2856
PES 2021 PC - PATCH 2022/2023 (NEW SEASON),700000,500000,4.943965517241379,824,PlayQB,80
[ PC ] Command & Conquer Red Alert 2 + Yuriâ€™s Revenge Offline PC Game ( Digital Download ),120000,120000,4.915811088295688,894,G PC GAME SHOP,768
USA Nintendo Switch eShop Top Up Reload Card (USD) INSTANT CODE | Nintendo eShop Reload | Nintendo Switch/3ds/Wii,16800000,2400000,4.988562091503268,6590,CSGO Megastore Malaysia,154772
[PLAY NOW] FIFA 23 Ultimate Edition Offline Mode (Origin) [ORIGINAL 100% WORKING],2500000,400000,4.9350850077279755,948,Hypersuga Enterprise,1981
[10 MINS DELIVERY] PSN PlayStation Network Cards MY Malaysia | PSN Prepaid RM30 RM50 RM100 | PSN Plus 3 Months 1 Year,20895000,3195000,4.991457858769932,3766,Impulse Gaming Digital,155
ORIGIN / WINDOWS UPDATE / REACTIVATION / UPDATE SQUAD / PATCH,100000,100000,5,827,ECP GAMES,2137
FIFA 23 ORIGIN STEAM | FULL GAME | OFFLINE | 24 Hour Delivery Service  | Offline,2000000,2000000,4.541436464088398,351,DormGaming,1638
(ğŸ”¥NEW RELEASEğŸ”¥) Nintendo Switch Sports (Nintendo Switch) Digital Download,8500000,2500000,4.9928057553956835,352,hobgames,5
[ PC ] Tekken 7 Ultimate Edition Offline PC Game (Digital Download),120000,120000,4.894039735099338,384,G PC GAME SHOP,599
Roblox Toy Robux ready-stock Malaysia Toy,14100000,2050000,5,193,66gzqveaki,890
"[iAN Pokemon GO] Raids: Guzzlord æƒ¡é£Ÿå¤§ç‹, MEGA EVOLVE: Gyarados (æš´é¯‰é¾)",249000,99000,5,1868,iAN Pokemon Go Service,417
[PLAY NOW] Football Manager 2023 | FMRTE 23 | Football Manager 2021| Football Manager 2022 | FM23 FM22 FM11 Steam Game,1500000,300000,4.927710843373494,395,Hypersuga Enterprise,5001
Cheap hhr/ ghhr hell rock,800000,300000,5,378,CJ Gaming Shop,117
[ PC ] GTA San Andreas Offline PC Game ( Digital Download ),120000,120000,4.958105646630237,1161,G PC GAME SHOP,864
Roblox toy Robux ready stock Malaysia,14100000,2050000,5,71,i_legalShop,1009
ç‹è€… æ¦®è€€ å……å€¼ é» å· å„ç§æ•°é¢éƒ½æœ‰ é€Ÿåº¦è´¼å¿«,72000,60000,4.985468956406869,467289,NIonionGamingStore,60861064
All Steam games Discount Big Big / Change Country Services,100000,100000,4.956927175843695,143269,SLgameshop,91561
Offline / Steam / Origin | Latest November 2022 | Sims 4 + All DLCs Updater | Windows / Mac Available,590000,200000,4.938129496402878,2055,YourITCentreHQ,2866
FIFA 23 FUT COIN (PC/ PS/ XBOX) 10K RATING FULLY SAFE WITH WARRANTY NO BAN,100000,100000,4.988917620982638,673687,Daren501 FIFA COINS,1469865
ğŸ”¥Marvelâ€™s Spider-Man |FULL GAME| LIFETIME GUARANTEE 24 Hour Auto DeliveryğŸ”¥,990000,498000,4.918103448275862,948,GamerSpace,536898
ï¼»admireï¼½æ‹¼å¤šå¤š PDD PINGDUODUO æ‹¼å¤šå¤šä»£ä»˜ æ‹¼å¤šå¤šä»£è´­ æœåŠ¡ å¿«é€Ÿä»˜| PDDä»£ä»˜ PDDä»£è´­ | pingduoduoä»£ä»˜ pingduoduoä»£è´­ |âŒç‹è€…è£è€€ä»£å…… å’Œå¹³ç²¾è‹±ä»£å…… QQå¸ QQå¡ æ‰«ç ä»£å…… æŠ–éŸ³å……å€¼,74000,74000,5,114373,YT online shop ,11895130
[ PC ] FIFA 19 Offline PC Game ( Digital Download ),120000,120000,4.956989247311828,425,G PC GAME SHOP,567
Instant Robux Roblox Gift card Roblox USD,11900000,2000000,4.9453125,2578,SLgameshop,29328
FREE FIRE (MY) Diamonds  | 24 Hours Instant Top Up | 100% Legit Top Up via ID | Cheap & Fast Service | FF Diamond,3199000,650000,4.9890683950856145,32261,HOTLINK KING,30439
[TRåœŸè€³å…¶ğŸ‡¹ğŸ‡·] Steam Turkey Wallet Gift Card TRY Digital Code 10~200TL Turkish Lira â‚º,1700000,250000,4.989455184534271,1826,ZQ GameShop,949
Mini Gameboy Retro 400 Classic Games SUP Nostalgic Handheld Gamekeeper Portable Game Box 2.5 Inch LCD â€‹Screen,6770000,2090000,4.885057471264368,1823,PRODIY,707
Growtopia Diamond Lock | HF STORE,205000,205000,4.968454258675079,13876,HF Store Malaysia,994562
RSS_400 Games Brand Retro Mini Gameboy Game Console Emulator Built-In HOTSELL,2239000,2239000,4.6493782548623654,22318,Shop Ready Stock,5981
Genshin  Impact Game Service In Malaysia (Lowest Price),100000,50000,4.994258373205741,69953,Jasray,17928314
ã€å®˜æ–¹æ­£è§„å……å€¼ã€‘ä¸­å›½æŠ–éŸ³å¸  æŠ–å¸ æŠ–éŸ³å……å€¼/æŠ–å¸å……å€¼/æŠ–éŸ³çŸ­è§†é¢‘   ä»£å……  æ— éœ€ç™»å· æä¾›ğŸ†”å®¢æœç§’å……,75000,66000,4.975177304964539,458190,HQ376490,19950858
GTA 5 / GTA V Grand Theft Auto V Online (Steam Original PC Game),7000000,1590000,4.993939393939394,2315,JS GAMESHOP,467
åŸç¥ | Genshin Impact Asia 5 Star Starter Account | Reroll Account | åŸç¥åˆå§‹è´¦å· | è‡ªæŠ½å·,100000,100000,4.991533702377076,229693,KUMAGAME,471072
(ğŸ”¥FLASH SALEğŸ”¥) PlayStation Plus (PS Plus) Membership 3 Month & 12 Month (PS4/PS5),14000000,2000000,4.954391891891892,1412,hobgames,116
ğŸŒŸ VALORANT POINT TOP UP RIOT GAME 100% LEGAL(NO NEED LOGIN / PASS,28300000,4800000,5,1245,Topup Gadget - Valorant,2796
SHM2K4 Design Car Parking Multiplayer (Android/ios) LATEST!!!,250000,250000,5,323,shm2k,2868
VALORANT SUPER DISCOUNT !!! Top up for MALAYSIA RIOT ID ONLY!,9000000,1800000,4.993771875643401,60708,talkup,107
Naruto Shippuden Ultimate Ninja Storm 4 Road to Boruto [LATEST DLC] [PC DIGITAL DOWNLOAD] [OFFLINE & ONLINE],1000000,300000,4.8907026259758695,2806,ECP GAMES,9618
[Steam / EA Origin] The Sims 4: Pastel Pop and Everyday Clutter Kits - PC [Full Game LATEST],499000,100000,4.960393824121727,9245,Software Streets,26024
MLBB Diamonds INSTANT DELIVERY,500000,100000,4.966381766381766,5591,onestopgamezone,1880
"Dm freefire, diamond ff, daimond ff, dm ff, topup diamond ff termurah, dm freefire termurah, freefire daimond 2",2470000,400000,4.984765386959171,4140,GameMaster_Store,11089
ã€11.11 SALEã€‘Nintendo Switch Sports Bundle with Leg Strap  (English Chinese Multilingual Version ä¸­è‹±æ–‡åˆç‰ˆ),20500000,17500000,4.962148962148962,1828,OTAKUYA,30
BLOX FRUIT PERMANENT KILO/SPIN/CHOP (ROBLOX),450000,300000,5,106,MiraGameShop,25
ç‹è€…è£è€€ï¼Œå’Œå¹³ç²¾è‹±ï¼Œæ¸¸æˆäººè„¸ï¼Œè…¾è®¯æ¸¸æˆäººè„¸é—®é¢˜ï¼Œå®å+äººè„¸è®¤è¯ è§£é™¤é™åˆ¶ ç‹è€…äººè„¸ï¼Œå’Œå¹³äººè„¸è¯†åˆ«,10000,10000,4.987538940809969,45038,æœ¨äº¬åœ¨çº¿æœåŠ¡(/â‰§â–½â‰¦)/~â”´â”´,2998601
ã€admireã€‘ç‹è€… æ¦®è€€ å……å€¼ é» å· å„ç§æ•°é¢éƒ½æœ‰,180000,71000,5,55692,YT online shop ,7212773
PSN Wallet Malaysia Top Up Prepaid Gift Card Sony Playstation RM30 RM50 RM100 / PS Plus PS3 PS4 PS5 Online Membership,21750000,3270000,4.996723996723997,2484,Vintage Digital Zone,830
eFootball PES 2021 ğ’ğ¦ğ¨ğ¤ğ ğ•ğğ«ğ¬ğ¢ğ¨ğ§ [PC Digital Games],299000,299000,4.963908450704225,1735,SupExpress,99560
[ PC ] Command & Conquer : Generals + Zero Hour Offline PC Game (Digital Download),120000,120000,4.9817073170731705,639,G PC GAME SHOP,805
Persona 5 Royal | PC Steam Original | DLC | Online & Offline [Lowest Price] [Fast Delivery],5999000,999000,4.987804878048781,138,ZQ GameShop,89
Forza horizon 5 Premium Version online Original Game Steam 24 Hour Auto Delivery,5290000,799000,4.8818232976927405,3356,GamerSpace,349464
SLIME ISEKAI Memories Starter Account Asia Server - Android,3390000,590000,5,461,GandT,8
"HAYDAY BEM, SEM, LEM AND TOOLS 89 pcs only RM1.20!!! Each order can receive free toolsğŸ˜",130000,40000,4.937748344370861,4875,rptykvam1x,35076
UNCHARTED: Legacy of Thieves Collection [PC DIGITAL DOWNLOAD] [OFFLINE] [DRM-FREE] [BONUS],300000,300000,5,89,HBG Games,905
[ PC ] Stray ( With DLC + UPDATES ) Offline PC Game ( Digital Download ),120000,120000,4.982300884955753,769,G PC GAME SHOP,802
10-150 Skins Valorant Accounts [Cheap and Secure],5850000,900000,4.9221789883268485,434,Lewby Store,2371
NSW Nintendo Switch Nintendo Switch Sports Bundle Chi/Eng Version ä»»å¤©å ‚è¿åŠ¨ ä¸­è‹±æ–‡ç‰ˆ,24500000,17900000,4.949346405228758,1432,Impulse Gaming,17
"[15 Mins,24/7 Delivery via WhatsApp] Razer Gold(MY)- RM5 [PlayCoin]",500000,500000,4.890243902439025,907,Playcoin,40
New Steam Account (ARGENTINA -FREE CS GO) 24 Hour Auto Delivery,910000,200000,4.9589657110736365,5454,GamerSpace,8386217
ğŸ®Xbox Game Pass Ultimate EA Play PC/ Xbox One/Xbox S/X SeriesğŸ®,12000000,1800000,4.989461358313817,4185,ProGamer,1315
(READY STOCK)ROBLOX Avatar Item Hovering UFO/Mardi Gras Steampunk Mask asenal,1850000,350000,4.87012987012987,181,AH Boy Studio,649
è…¾è®¯ ä»£è´­ å¯å……å€¼æ——ä¸‹APP/è½¯ä»¶/æ¸¸æˆ,8239000,1550000,4.997973657548125,2664,jussyval,17997317
"[CHEAPEST / Murah] NEW Playstation PS4 Games [Tekken, GTA, GT Sports, Naruto, God of War, Last of US] PHYSICAL CD DISC",21988000,3184000,4.929459528038569,7922,GameStop,109
"Dota2 WeatherğŸ”¥Snow, Rain, Moonbeam, Pestilence, Sirocco, Harvest, Aurora, Spring, AshğŸ”¥",1375000,240000,4.994897959183674,780,Dota 2 Armory Shop,4354
Blox Fruit Boosting Service ROBLOX,3000000,700000,4.973684210526316,380,Bloxtastic,522
[ PC ] Forza Horizon 5 ( With DLC + UPDATES ) Offline PC Game ( Digital Download ),120000,120000,4.919540229885057,382,G PC GAME SHOP,602
Roblox toy Robux ready stock Malaysia toy,14100000,2050000,4.9411764705882355,74,i_legalShop,1012
ã€Super Qualityã€‘BlueWow 21 Finger Sleeve Gaming for PUBG Mobile Games Ultra-thin and Durable Finger Gloves for Gaming S39æ¸¸æˆæ‰‹æŒ‡å¥—åƒé¸¡æ‰‹æŒ‡å¥—,791000,251000,4.912698412698413,769,BlueWow Official Store,147739
Genshin Impacts | 24 Hours Instant Top Up | 100% Legit Top Up via ID | Cheap & Fast Service,35990000,11690000,5,908,HOTLINK KING,29082
IINE Nintendo Switch Elite Joypad Wake up Controller  As Joycon Auto Fire  Mapping Function for Nintendo Switch/lite/OLED,14299000,11699000,4.924031007751938,1214,IINE Official Store,22300
PS1 PS2 Analog Controller Joystick Remote [Ready Stock],898000,898000,4.880818965517242,12292,Custom Create Game Store,1163
[ PC ] Call Of Duty Modern Warfare 2 & REMASTERED ( With DLC + UPDATES ) Offline PC Game ( Digital Download ),130000,120000,4.984962406015038,463,G PC GAME SHOP,712
âš ï¸1pcs PS4 PS5 XBOX Pro Controller Joystick Cover Case Joystick Grip Silicone Cap Analog Controller Thumb Stick Grip,200000,200000,4.9705159705159705,2396,Owl and the Fox,548
çˆ±è±†å‘¨è¾¹ã€Owhat å¾®åº— æ¡ƒå­ Taoba  é—²é±¼ 1688 æ·˜å® taobaoã€‘ä»£ä»˜ INTO1 R1SE THE9 SNH48 çˆ±è±† åˆ›é€ è¥ é’æ˜¥æœ‰ä½ ,73000,73000,5,42920,ShopForYIII,956773
Microsoft Pc Controller / Xbox 360 Wire Controller / USB Controller,3560000,3190000,4.953488372093023,950,Universe Game Zone,811
ğŸ”¥MM2 Godly KnivesğŸ”¥ Murder Mystery 2,350000,180000,4.990069513406157,2895,GameWorld_,224
[ğŸ‡ºğŸ‡¸USA] Nintendo Switch eShop Card Prepaid Code Credit $ 10-100 USD Individual Member (âš¡Fast ),16640000,2540000,4.996491228070176,15260,KK GameZone,7611
[Buy Now Get Now] EA SPORTS FIFA 23 / FIFA 22  (PC Steam / Origin Original Game Online Version),19000000,4000000,4.9732016925246825,3726,DLgameshop,21666
[CHEAPEST] Nintendo Switch NSW Games NEW MURAH - Mario Kart 8 Party Luigi Zelda Pokemon Arceus Diamond Pearl Fatal Frame,36888000,9688000,4.970178926441352,2784,GameStop,223
Persona 5 Royal [Steam Online & Offline] [Full DLC] Cyber Space PC Game,1199000,1199000,5,125,Cyber Space,9891
PlayStation Store MYR 100 Gift Card - Instant Delivery,10000000,10000000,4.929936305732484,681,PlayStation Gift Cards by epay,450
[Safe PC] GTA V / GTA 5 Online Money and RP Services,3650000,600000,4.976805251641138,5684,Kelvin Online Store,203
Blox Fruit trading services CHEAPEST (LEVEL 700+ ONLY),720000,400000,4.988479262672811,813,MiraGameShop,21
[PlayNow] Football Manager 2023 | Football Manager 2022 Steam Game PC,2499000,499000,4.9245049504950495,1564,Xfactor,2901
OPBR GLOBAL RD Account ANDROID,3490000,1790000,5,867,GandT,15
"Xbox Game Pass Ultimate ğŸ”¥CHEAPESTğŸ”¥ [PC/Xbox One/Xbox Series X|S Windows 10 / 11] âœ…Included: EA Play, Live Goldâœ…",11500000,1650000,4.992957746478873,1547,TX ONLINE SHOP,502
Sup Retro Video Mini Game Machine Portable 400 In 1 Portable Game Machine Kids Classic Super Mary Game Machine,2620000,2260000,4.824074074074074,264,YUNKASA,92
B.S.B 400 Games Brand Retro Mini Gameboy Game Console Emulator Built-In,2200000,2200000,4.6316010058675605,17389,B.S.B,149
ã€NEW ARRIVALã€‘PS4 / PS5 God of War Ragnarok æˆ˜ç¥ è¯¸ç¥é»„æ˜ (English Chinese Multilingual Version ä¸­è‹±æ–‡åˆç‰ˆ),24900000,23400000,4.983606557377049,111,OTAKUYA,30
"[15 Mins,24/7 Delivery via WhatsApp] PlayStationÂ® Network Prepaid Wallet/PSN Wallet- RM50 [PlayCoin]",5000000,5000000,4.963276836158192,1943,Playcoin,91
Gotham Knights [Steam Online & Offline] [Full DLC] Cyber Space PC Game,999000,999000,5,111,Cyber Space,9929
140DM MLBB Mobile legend!!! pls chat us and we will send the product link if u cant search our product,4500000,900000,4.989088509947218,48638,talkup,145
HELLO ZT01 Finger Set Gaming Sweatproof Gloves Cell Phone Gaming Finger Sleeve Ultra-Thin and Comfortable Sarung Jari,99000,99000,4.895833333333333,139,HELLO MALAYSIA,4390
"ğŸ”¥ Call of duty Black Ops III,Modern Warfare II 2022,Ghosts, Advanced Warfare, Infinite Steam Access OFFLINE 24 HR SEND ğŸ”¥",3000000,999000,4.9400958466453675,2326,GamerSpace,432247
GHHR Golden Huge Hell Rock Pet Sim X Huge Pets Pet Simulator X âš ï¸Clearenceâš ï¸ğŸ¤—CheapestğŸ˜Šâ—100%cleanâ— GHHR,300000,300000,4.950819672131147,262,GameWorld_,101
qqå¡ qq card 30 60 100 ç‹è€…è£è€€ å’Œå¹³ç²¾è‹± qå¡ qå¯†å¡ qqå¸å¡,7700000,2330000,4.991624790619765,1747,tham1996,2146
[24/7 Self Claim / Email] Steam Wallet MYR RM50 RM100 RM200 Digital Prepaid Code [GameXpress],21999000,5499000,4.990885416666667,7258,Game Xpress,75
Bluetooth Mocute Gamepad 050 050F Wireless Game Controller Joystick For Smartphone Tablet PC,3995000,3995000,4.7868400315208826,4222,Custom Create Game Store,86
Nintendo Switch OLED V2 JoyCon 1Pc Silicone Thumb Grip Cap (Template B),190000,140000,4.959847036328872,2755,Yu2 Online Store,3353
ğŸ® XBOX GAME PASS ULTIMATE + EA Play 36 MonthsğŸ®,100000,100000,4.965417867435159,192734,GamerSpace,9717666
çº¢åŒ…å……å€¼ä»£ä»˜ ä»£ä»˜æ·˜å® æ‹¼å¤šå¤š1688 å¾®ä¿¡çº¢åŒ…,73000,73000,4.976342129208371,483617,ShopForYIII,789084
âœ…5 DAYSâœ…ROBUX ROBLOX ROBUX MALAYSIA (100-700),3150000,450000,4.98323184586022,50552,â™¡ qallira_shop â™¡,41516
ğŸ”¥ God of War STEAM | FULL GAME | LIFETIME GUARANTEE 24 Hour Auto Delivery ğŸ”¥,300000,300000,4.903743315508021,1493,GamerSpace,11143
ã€Š + ğ—£ğ—¥ğ—¢ğ—§ğ—˜ğ—–ğ—§ğ—œğ—©ğ—˜ ğ—•ğ—¢ğ—« ã€‹2pcs 1 Pair Mobile Game Finger Sleeve Gloves Sweatproof Touchscreen Gaming Phone Sarung Jari PUBG æŒ‡å¥—,50000,40000,4.92138671875,11488,NWD ( New World Depot ),4321
Marvelâ€™s Spider-Man Remastered [Auto Delivery] [Steam Offline & Online] Cyber Space PC Game,999000,499000,4.958949096880131,1270,Cyber Space,18928
HAY DAY (BAHAN ASAS MAKANAN),280000,60000,4.959770114942529,832,DinDo Store (HAY DAY SALLER),29742
Blox Fruits .  ğŸŒŸ 25 % discount ğŸŒŸ Cheapest,700000,550000,4.9689119170984455,708,shiram2626,2
PS4 PS5 FIFA 23 Full Game Digital Download PS4 & PS5 FIFA 23 FIFA 2023,12900000,5500000,4.963793103448276,1279,YPLAY,2078
ã€æé€Ÿå……å€¼ã€‘1000/2000/3000/5000æŠ–å¸å……å€¼ æŠ–éŸ³æŠ–å¸å……å€¼  å…¨ç½‘æœ€å®æƒ  æŠ–éŸ³çŸ­è§†é¢‘å……å€¼æŠ–å¸,33000000,6600000,4.985321100917432,924,HQ376490,399068
"ã€PGSHARPã€‘STANDARD EDITION, PGSharp key spoofing, PokÃ©mon go 1Month and 3 Monthï¼ˆAndroidï¼‰",7100000,1250000,4.992974238875878,4449,wc1107,1588
Extra Protection Packaging Triple Layer Bubble Wrap + Extra Thickness Box [Add-On],599000,299000,4.944915254237288,6421,Impulse Gaming,18098
IINE Switch Lite Joy-Con Thumb Grip Ring for Nintendo Switch - L241,18000,18000,4.908045977011494,172,IINE Official Store,44
VALORANT | TOP UP VALORANT Credit | Recharge VALORANT Credit | TOPUP VALORANT Credit | Cheapest Cheap VALORANT Credit,18600000,3200000,4.98896499238965,27574,MGAME.MY,4999446
PlayStation Store MYR 30 Gift Card - Instant Delivery,3000000,3000000,4.959390862944162,1489,PlayStation Gift Cards by epay,408
Time Management Collections [PC GAME]ğŸ”¥CLASSIC PC GAMESğŸ”¥NOSTALGIA GAMESğŸ”¥Diner Dash-Nanny Mania-Cooking Academy-Cake ShopğŸ”¥,300000,300000,5,322,SzTech,170
PS4 PS5 God of War Ragnarok Full Game Digital Download PS4 & PS5,12500000,8000000,5,178,YPLAY,489
[PS2 CD DVD GAMES] GTA SAN ANDREAS,299000,299000,4.788381742738589,1923,Game City Official Store,8437
Cyberpunk 2077 [Auto Delivery] [Steam Offline] [Full DLC] Cyber Space PC Game,309000,309000,4.97196261682243,752,Cyber Space,9999241
God of War [Auto Delivery] [Steam Offline] (Full DLC) Cyber Space PC Game,300000,300000,4.979166666666667,1028,Cyber Space,9998943
Nintendo Switch Genuine Joy Con Joy-Con Joycon Controller - Neon / Blue / Yellow / Purple / Splatoon / Zelda/ Fortnite,28900000,28900000,4.938566552901024,3589,Impulse Gaming,76
FIFA 23 / FIFA 22 [Latest Update] (100% Original Offline Game ) PC Game,4990000,1000000,4.973302687411598,9731,JS GAMESHOP,5
"PGSharp License Key Pokemon go fly, spoof and terbang no root and log in with Facebook and excellent throw cheat",8000000,1400000,4.992549108150824,7729,Pokeinfo,8571
ğŸ”¥CYBğŸ”¥ Gaming Finger Sleeve 1 Pair 2Pcs Mobile Game Breathable Non-Slip Touch Screen Case Sarung Jari Tangan PUBG,69000,29000,4.940219521756174,63941,CYBunnyConcept,1425
PS4 / PS5 FIFA 23 | FIFA 2023 | FIFA23 | FIFA2023 (R3)(English/Chinese) *åœ‹éš›è¶³ç›Ÿå¤§è³½ 23 *(NEW),24800000,23900000,4.975975975975976,1203,JN Gamestore,34
ğŸŒŸVALORANT POINT TOP UP RIOT GAME 100% LEGAL(NO NEED LOGIN / PASSWORD)(MALAYSIA REGION),6800000,980000,5,351,Topup Gadget - Valorant,3426
BloxFruit Account LV. 2400 Sea 2 Sea 3 High Mastery Ready Stock,5000000,1500000,4.991902834008097,512,GameNinja ,130
ã€11.11 SALEã€‘SONY Playsation 5 PS5 Dualsense Wireless Controller (Sony Original Product),27900000,27900000,4.9602339181286546,1817,OTAKUYA,84
TOP UP COIN TANTAN TOPUP TANTAN COIN CHEAPEST,100000,20000,4.997506234413965,55994,GameMaster_Store,140597
ğŸ”¥[Steam Original]Football Manager 2023 / 2022 (Include In-game editor) Offline playğŸ”¥,1399000,999000,4.986138613861386,965,HC Gamestore,663428
Resident Evil Village 8 [Auto Delivery] [Steam Online & Offline] (Full DLC) Cyber Space PC Game,699000,699000,4.972555746140652,1030,Cyber Space,999497
UNCHARTED: Legacy of Thieves Collection [Auto Delivery] [Steam Online & Offline] [Full DLC] Cyber Space PC Game,499000,499000,4.965217391304348,270,Cyber Space,9744
[PC] The Sims 4 Complete Edition All DLC | Pastel Pop & Everyday Clutter [ONLINE] v1.93.129.1030,300000,100000,4.9161364950838635,4063,IQONIQON Digital Store,12808
[MYé©¬æ¥è¥¿äºšğŸ‡²ğŸ‡¾] Steam Wallet Malaysia Gift Card MYR Digital code RM8/10/20/30/40/50/100/200,5600000,800000,4.9915426251691475,6360,ZQ GameShop,1046
Forza Horizon 5 [Auto Delivery] [Steam Online & Offline] [Full DLC] Cyber Space PC Game PC Game,999000,599000,4.95575221238938,680,Cyber Space,19670
[PS2 CD DVD GAME] PES 2021 - Pro Evolution Soccer 2021,299000,299000,4.829501915708812,2012,Game City Official Store,2159
FIFA COINS (PS/PC/XBOX),100000,100000,4.9944444444444445,62037,RURU FIFA COINS,2937389
Tools hayday cheapest piece(dynamite/shovel/tnt/saw/axe),10000,10000,5,1528,luckyz97shopsâ¤ï¸,4999582
FIFA FUT COINS (PS/PC/XBOX),100000,100000,5,64457,RURU FIFA COINS,9935097
IINE Smiling Grip No Charging function for Nintendo Switch Joy Con,1899000,1899000,4.877419354838709,361,IINE Official Store,7339
"PUBG cheapest!!! 343uc=RM18, 482uc=RM27, 840uc=RM45, 1793uc=RM90. Top up for MALAYSIA PUBG ID ONLY!",9000000,1800000,4.992534456355283,50641,talkup,162
âš ï¸1pcs PS4 PS5 XBOX Pro Controller Joystick Cover Case Joystick Grip Silicone Cap Analog Controller Thumb Stick Grip,100000,100000,4.960884353741497,3549,Owl and the Fox,308
A Plague Tale: Requiem [Auto Delivery] [Steam Online & Offline] (Full DLC) Cyber Space PC Game,599000,599000,5,99,Cyber Space,9902
"[15 Mins,24/7 Delivery via WhatsApp] PlayStationÂ® Network Prepaid Wallet/PSN Wallet- RM30 [PlayCoin]",3000000,3000000,4.961434977578476,3483,Playcoin,96
Game Force Free Gifts (Dont buy this product directly),1000000,1000000,4.958563535911602,697,GAME_FORCE,25
[Self Collect] Steam Wallet MYR RM5 RM8 RM10 RM16 RM20 RM24 Digital Prepaid Code [ChuGamer],2495000,520000,4.993948562783661,3370,Chu Gamer,31
TOP UP Mobile Legends Diamond | Recharge Mobile Legends Diamond | TOPUP Mobile Legends Diamond TOPUP,9200000,1900000,4.982401362475163,12204,MGAME.MY,599296
PS4/PS5 God of War: Ragnarok | Standard/ Collector Edition | English/Chinese ä¸­æ–‡ | Release: 9th November 2022,83890000,23400000,4.930232558139535,99,gamershideout.os,19
MOBILE LEGENDS Diamond MY | 24 Hour Instant Top Up | 100% Legit Top Up via ID | Cheap & Fast Service |  MLBB Diamond,9200000,1840000,4.976501123960047,78766,HOTLINK KING,30387
Rss_400 Games Brand Retro Mini Gameboy Game Console Emulator Built-In,2239000,2239000,4.645645974994516,21946,Shop Ready Stock,5982
GloryFit ZT01 1 Pair Sweat-Proof Mobile Gaming Finger Sleeve PUBG Mobile Legend Anti-Sweat Finger Glove æ‰‹æ¸¸æŒ‡å¥—æ‰‹æŒ‡å¥— é˜²æ»‘èµ°ä½ç¥å™¨,99000,99000,4.803571428571429,119,Gloryfit Malaysia,4390
TOP UP Mobile Legends Diamond | Recharge Mobile Legends Diamond | TOPUP Mobile Legends Diamond TOPUP (SMALL Packages),4700000,950000,4.986596645242201,21497,MGAME.MY,598637
Mobile Legends Diamond- 100% Legit! Instant Top Up! Via ID,9200000,1840000,4.989949977262392,33579,BigGamer,35411
The Sims 4 100% original 100% LEGIT Cheapest Price (Life Time Warranty),3990000,990000,4.915931063472047,5759,GamerSpace,2803863
[PS2 CD DVD GAMES] TEKKEN 5,299000,299000,4.744211686879823,1673,Game City Official Store,9399
Free Fire Diamond (CHEAPEST PRICE),18600000,3150000,4.988841862254714,6000,Topup4U,41783
JB Branch Listing 1 - NSW Nintendo Switch Used Game Mario/Pokemon/Zelda/Xenoblade/Demon Slayer,24900000,5900000,4.951807228915663,3223,Impulse Gaming,36
ã€11.11 SALEã€‘Nintendo Switch Splatoon 3 (English Chinese Multilingual Version ä¸­è‹±æ–‡åˆç‰ˆ),18800000,18800000,4.973063973063973,650,OTAKUYA,17
ROBLOX HACKS 50+ GAMES [LATEST][OP SCRIPTS] - BEDWARS/DAHOOD/ARSENAL/MM2/PETSIMX/ AND MORE,600000,300000,4.908333333333333,544,jisimps,7481
PS2 Controller Analog Joystick(Ready Stock)(Fast Delivery)ğŸ®ğŸ®ğŸ®ğŸ‰ğŸ‰,3990000,828000,4.7949572827672435,13509,Superb Gamer,1024
"STEAM WALLET MALAYSIA | STEAM WALLET | STEAM WALLET CODE MYR | INSTANT CODE | RM 21, RM53, RM 86, RM107",14750000,2550000,4.986039296794209,2749,CSGO Megastore Malaysia,6828
Grand Theft Auto V || GTA 5 [PC Digital Download][Offline],120000,120000,4.965277777777778,943,Sitenet Solution,3
PS5 Joystick Cover Analog Thumb Grips Caps Cover for DualSense5 DualShock4 Switch Pro & Xbox Controller,500000,200000,4.987473903966597,1086,NONSTOP MY,196
PS2 Memory Card (8/16/32/64/128/256MB)(NEW)ğŸ’¯ğŸ’¯,2688000,977000,4.851873536299766,3528,Superb Gamer,525
Free Fire | Free Fire Diamond | Instant Topup Free Fire Diamond | 100% Legit,12399000,1889000,4.988191143357518,51961,Fire Gaming,28080
NEW!!! LATEST!!!HOT!!!PS2 CD DVD GAMES (PES 2022 SEASON UPDATE) English version,299000,299000,4.806818181818182,870,KAKI GAME,101
ã€11.11 SALEã€‘Nintendo Switch The Legend Of Zelda Breath Of The Wild (English Chinese Multilingual Version ä¸­è‹±æ–‡åˆç‰ˆ),19800000,19800000,4.953471725125269,4790,OTAKUYA,41
Flydigi P1 Silver-Cloth Gaming Finger Sleeve,3800000,1999000,4.9340796019900495,1495,Flydigi Malaysia ,1306
ã€PRE-ORDERã€‘Nintendo Switch Pokemon Scarlet / Pokemon Violet / Double Pack (English Chinese Multilingual Version ä¸­è‹±æ–‡åˆç‰ˆ),50100000,19300000,4.943298969072165,1237,OTAKUYA,574
"ã€PC Gamesã€‘The Sims 4 v1.93 Pastel & Clutter Kit & Full DLC Collection for Windows ã€Install & Playã€‘ã€No Sign In , Offlineã€‘",750000,300000,4.97457627118644,294,Jeju Digital Store,126
Pokemon Gaole ğŸ”¥Legend 1ğŸ”¥ Purple Disk 5 Star Chips Cards Disks Part 5 4 3 2 1 Singapore Malaysia Scannable å®å¯æ¢¦åŠ å‚²ä¹ç¬¬äº”å››ä¸‰äºŒä¸€å¼¹,1690000,290000,4.9125,448,Lucky Lucky Play,809
Steam Point Shop Balance | Steam Points Balance | Steam Shop Point | 14 Days Receive | LIFETIME | Cheap and Fast |,240000,50000,4.970772442588727,12720,CSGO Megastore Malaysia,89943
NSW Nintendo Switch Bayonetta 3 Standard & Trinity Masquerade Limited Edition Chi/Eng Version,35900000,21000000,4.969298245614035,435,Impulse Gaming,88
8BitDo Ultimate Controller w/ Charging Dock - Wired / Wireless (Compatible for Switch / PC / MacOS / Android),19900000,12900000,5,85,Impulse Gaming,70
[Self Collect] PSN PlayStation Store Gift Wallet Card RM30 - RM200 [ChuGamer],20000000,3000000,4.995288574793875,2158,Chu Gamer,24
GROWTOPIA DIAMOND LOCK! JTSTORE!,205000,205000,4.971134020618557,172147,jared13579,309776
NSW Nintendo Switch It Takes Two Chi/Eng Version åŒäººæˆè¡Œ ä¸­è‹±æ–‡ç‰ˆ,16900000,16900000,4.95,98,Impulse Gaming,16
ã€admireã€‘å¾®åº— WEI DIAN ä»£è´­ ä»£ä»˜ å°ç¨‹åº å¿«é€Ÿä»£ä»˜ã€½ï¸ã€½ï¸ã€½ï¸,74000,74000,5,44131,YT online shop ,2956370
ã€11.11 SALEã€‘Microsoft XBOX Series X/Series S Wireless Controller Build-In Bluetooth For Windows 10/Andriod/iOS,36900000,22500000,4.911899589669321,7186,OTAKUYA,176
Free Fire | Free Fire Diamond | Instant Topup Free Fire Diamond | 100% Legit,3149000,630000,4.990059198034179,26981,Fire Gaming,27862
[EA / STEAM] The Sims 4 ALL DLC + Pastel Pop Kit & Everyday Clutter Kit - ONLINE [ALL EXPANSION + GAME + STUFF + KITS],4890000,790000,4.973626373626374,2294,ATSL DIGITAL WORLD,2332
"Hayday å¡é€šå†œåœº Bem Silo Land Expansion/Upgrade Materials Plank Blot Tape Screw Nail Woden Plank RM0.10 1 pcs Coin 20,000",70000,10000,4.9597107438016526,114575,_kingg_,2232853
ã€11.11 SALEã€‘Gulikit King Kong 2 Pro Controller with Wake-up Function for Nintendo Switch / PC (1 Year Official Warranty),18800000,18800000,4.882226980728052,837,OTAKUYA,60
NSW Nintendo Switch Nier Automata The End of Yorha Edition Chi/Eng Version (No More Free Cover),18900000,18900000,4.943661971830986,402,Impulse Gaming,3
TOPUP LDEN RING TOPUP CHEAP,10000,10000,4.969465648854962,110612,GameMaster_Store,9879206
7DS The Seven Deadly Sins Grand Cross Starter Account Asia Server,5790000,1290000,4.9972067039106145,4380,GandT,7
NSW Nintendo Switch Pokemon Scarlet/Violet Version [Free Steelcase or TCG Card],42900000,19000000,4.9961439588688945,2055,Impulse Gaming,1871
MLBB Mobile legend (Lowest price ever !!!) pls chat us and we will send the product link if u cant search our product.,45000000,9000000,4.991412360067474,18484,talkup,50
FREE FIRE (MY) Diamonds  | 24 Hours Instant Top Up | 100% Legit Top Up via ID | Cheap & Fast Service | FFDiamond,19100000,3199000,4.990582695703355,32032,HOTLINK KING,34978
Pubg Mobile UC Reload (CHEAP) Unknown Cash Pubg (MURAH) 100% Legit @Fast 1-8Min,12360000,1900000,4.989011490060186,38116,NIonionGamingStore,1090541
ğŸ”¥PROMOğŸ”¥ 43 Sets Quality English Professional Resume/CV/CL Templates | Format Words/Psd/AI/Pdf | TEMPLATE RESUME MURAH,100000,100000,4.915652173913044,5553,Atomic Official Store,634
ã€NEW ARRIVALã€‘Nintendo Switch Bayonetta 3 (English Chinese Multilingual Version ä¸­è‹±æ–‡åˆç‰ˆ),22800000,22800000,4.986486486486487,113,OTAKUYA,54
NSW Nintendo Switch Tactics Ogre: Reborn Chi/Eng Version,17900000,17900000,5,64,Impulse Gaming,19
Hay Day Upgrading Material Tools HayDay,50000,10000,4.986519607843137,124845,Marulow,5580
PS4/PS5 Call of Duty: Modern Warfare II MW2 Chi/Eng Version ä½¿å‘½å¬å”¤: ç°ä»£æˆ˜äº‰2 ä¸­è‹±æ–‡ç‰ˆ,29900000,29900000,4.976744186046512,172,Impulse Gaming,30
THUMB GRIP CONTROLLER Caps Cover Analog Protector -For PS5 PS4 PS3 PS2 Xbox360 xboxone Playstation  [READY STOCK],99000,99000,4.915861284820921,5438,Custom Create Game Store,1816
Ps3 Controller Joystick Wireless Dualshock 3 Playstation 3 Windows PC Laptop| New and High Quality - Grade OEM,3299000,2299000,4.816546762589928,2494,Superb Gamer,845
PS4/PS5 FIFA 23 Standard Edition Chi/Eng Version,25900000,20900000,4.963172804532578,738,Impulse Gaming,57
[PS2 CD DVD GAMES] NEED FOR SPEED MOST WANTED,299000,299000,4.791116446578632,1560,Game City Official Store,8
Diamond Lock Growtopia | 7 Avenue Store,214000,214000,5,527,7 Avenue Store,46
PS4/PS5 God of War Ragnarok Standard Edition,32400000,24900000,4.973333333333334,1052,Impulse Gaming,45
ã€11.11 SALEã€‘Nintendo Switch Mario Kart 8 Deluxe (English Chinese Multilingual Version ä¸­è‹±æ–‡åˆç‰ˆ),18800000,18800000,4.939666816749212,4214,OTAKUYA,37
Steam Wallet Malaysia | Steam Wallet Code | Cheapest Steam Wallet | Steam Wallet Code Malaysia | Fastest Service,32800000,4800000,4.9375752364574375,13177,CSGO Megastore Malaysia,245328
NSW Nintendo Switch Persona 5 The Royal Chi/Eng Version,20900000,20900000,4.976744186046512,459,Impulse Gaming,8
Free Fire Diamond | Instant Topup Diamond Free Fire | 100% Original,12400000,1890000,4.9847359878440445,82062,mreload,31549
Animal Crossing Amiibo é›†åˆå•¦ï¼åŠ¨ç‰©æ£®å‹ä¼š Sasha Shino Ione Dom Judy Raymond amiibo - ACNH,300000,300000,4.994694960212201,7851,Gamer E-Store,1641
"Mobile Legend Diamonds (1446 diamonds RM 89.80 only, cheapest in market)pls chat us, we'll send product link.",9000000,2300000,4.987931496877514,55383,talkup,80
ã€NEW ARRIVALã€‘Nintendo Switch Persona 5 Royal (English Version),23500000,23500000,5,168,OTAKUYA,66
(1 PC) Universal Silicone Spiral USB Charge Cable Cord Protector Cable Wire Twist Saver Cover Anti-Fracture Protective,10000,10000,4.932808546527973,34787,v2optical,51157
ã€Ready Stock & Warrantyã€‘ã€Free Giftã€‘DualShock 4 Wireless Controller V2 with Dual Vibration Game Joystick,9900000,9900000,4.8493150684931505,157,Amgras Official Shop,780
